Reporter Name,Partner Name,Year,Trade Flow,Product Group,Export (US$ Thousand),Import (US$ Thousand),Export Product Share (%),Import Product Share (%),Revealed comparative advantage,World Growth (%),Country Growth (%),AHS Simple Average (%),AHS Weighted Average (%),AHS Total Tariff Lines,AHS Dutiable Tariff Lines Share (%),AHS Duty Free Tariff Lines Share (%),AHS Specific Tariff Lines Share (%),AHS AVE Tariff Lines Share (%),AHS MaxRate (%),AHS MinRate (%),AHS SpecificDuty Imports (US$ Thousand),AHS Dutiable Imports (US$ Thousand),AHS Duty Free Imports (US$ Thousand),MFN Simple Average (%),MFN Weighted Average (%),MFN Total Tariff Lines,MFN Dutiable Tariff Lines Share (%),MFN Duty Free Tariff Lines Share (%),MFN Specific Tariff Lines Share (%),MFN AVE Tariff Lines Share (%),MFN MaxRate (%),MFN MinRate (%),MFN SpecificDuty Imports (US$ Thousand),MFN Dutiable Imports (US$ Thousand),MFN Duty Free Imports (US$ Thousand)
Ireland,Albania,2017,EXPIMP,Food Products,59.73,0.09,0.68,0,0.89,15.63,241.37,0,0,4,0,100,0,0,0,0,0,0,0.09,0,0,4,0,100,0,0,0,0,0,0,0.09
Ireland,United Arab Emirates,2017,EXPIMP,Food Products,57904.95,121.14,12.83,0.43,7.29,14.25,-3.7,14.21,14.32,242,55.79,4.96,16.53,22.73,57.72,0,3.55,104.27,16.86,17.87,15.6,242,55.79,4.13,16.53,23.55,76.78,0,3.55,106.29,14.85
Ireland,Argentina,2017,EXPIMP,Food Products,8914.84,199728.78,9.26,79.19,2.57,9.98,68.36,10.35,0.57,366,17.49,2.19,12.02,68.31,61.72,0,53432.26,56365.14,143363.64,10.35,0.57,366,17.49,2.19,12.02,68.31,61.72,0,53432.26,56365.14,143363.64
Ireland,Armenia,2017,EXPIMP,Food Products,253.85,0.01,11.63,0.04,1.08,3.59,-5.12,0,0,2,0,100,0,0,0,0,0,0,0.01,28.8,32.91,2,50,50,0,0,57.6,0,0,0,0
Ireland,Antigua and Barbuda,2017,EXPIMP,Food Products,0.27,0.16,0.11,5.57,3.54,9.69,19.04,0,0,6,0,100,0,0,0,0,0,0,0.16,0,0,6,0,33.33,66.67,0,0,0,0.16,0.16,0
Ireland,Australia,2017,EXPIMP,Food Products,38307.01,42754.42,3.83,38.5,1.18,4.37,5.98,14.38,7.25,614,20.52,9.77,15.47,54.23,133.09,0,36579.64,41330.74,1422.2,14.38,7.25,614,20.52,9.77,15.47,54.23,133.09,0,36579.64,41330.74,1422.2
Ireland,Austria,2017,EXPIMP,Food Products,14228.28,21859.2,3.43,6.79,2.45,3.22,-11.63,,,,,,,,,,,,,,,,,,,,,,,,
Ireland,Azerbaijan,2017,EXPIMP,Food Products,104.49,1.86,1.68,10.3,2.18,5.4,-7.5,0,0,6,0,100,0,0,0,0,0,0,1.86,0,0,6,0,100,0,0,0,0,0,0,1.86
Ireland,Belgium,2017,EXPIMP,Food Products,53517.63,150145.38,0.36,9.58,0.15,1.37,3.16,,,,,,,,,,,,,,,,,,,,,,,,
Ireland,Benin,2017,EXPIMP,Food Products,3478.09,0.35,65.91,2.37,3.47,18.81,114.92,0,0,3,0,100,0,0,0,0,0,0,0.35,0,0,3,0,100,0,0,0,0,0,0,0.35
Ireland,Burkina Faso,2017,EXPIMP,Food Products,9373.5,5.43,74.21,3.7,0.5,2.04,-45.24,0,0,14,0,100,0,0,0,0,0,0,5.43,10.73,20.33,14,21.43,28.57,0,50,27.71,0,0,5.15,0.29
Ireland,Bangladesh,2017,EXPIMP,Food Products,3766.06,42.99,11.5,0.02,,,,0.11,0.07,238,0.42,99.58,0,0,12.8,0,0,1.68,39.95,15.79,17.23,238,45.8,1.26,10.08,42.86,35.53,0,14.62,41.63,0
Ireland,Bulgaria,2017,EXPIMP,Food Products,11922.47,2630.57,12.57,9.8,2.74,2.32,5.87,,,,,,,,,,,,,,,,,,,,,,,,
Ireland,Bahrain,2017,EXPIMP,Food Products,2773.09,0.91,6.68,0.06,6.77,-0.87,8.91,21.78,21.72,13,7.69,0,38.46,53.85,30.36,8,0.79,0.91,0,21.78,21.72,13,7.69,0,38.46,53.85,30.36,8,0.79,0.91,0
Ireland,"Bahamas, The",2017,EXPIMP,Food Products,212.46,4538.51,6.65,51.33,3,4.03,51.94,0,0,52,0,100,0,0,0,0,0,0,4538.51,7.79,0,52,7.69,13.46,61.54,17.31,27.61,0,4537.74,4537.74,0.78
Ireland,Bosnia and Herzegovina,2017,EXPIMP,Food Products,355.24,95.26,2.4,6.34,0.36,2.73,-2.37,0,0,105,0,100,0,0,0,0,0,0,95.26,14.48,16.29,105,24.76,1.9,47.62,25.71,53.98,0,88.58,95.26,0
Ireland,Saint Barthélemy,2017,EXPIMP,Food Products,0,11.75,,1.54,,,,0,0,3,0,100,0,0,0,0,0,0,11.75,17.63,17.63,3,0,0,0,100,23.06,11.61,0,11.75,0
Ireland,Belarus,2017,EXPIMP,Food Products,576.7,1695.63,13.84,17.66,3.46,9.3,20.46,0,0,5,0,100,0,0,0,0,0,0,1695.63,0,0,5,0,100,0,0,0,0,0,0,1695.63
Ireland,Belize,2017,EXPIMP,Food Products,0,0,0,0,3.2,-3.41,-13.25,0,0,3,0,100,0,0,0,0,0,0,0,0,0,3,0,100,0,0,0,0,0,0,0
Ireland,Bermuda,2017,EXPIMP,Food Products,221.2,0.96,10.13,1.79,3.55,2.96,3.21,0.45,0.28,209,0,44.98,3.35,51.67,5.52,0,0.1,0.1,0.86,1.86,1.65,209,1.44,10.05,15.31,73.21,12.8,0,0.71,0.71,0.25
Ireland,Bolivia,2017,EXPIMP,Food Products,0,30.49,,2.67,0.61,3.95,126.27,3.3,4.64,31,0,25.81,35.48,38.71,9.66,0,0.01,30.49,0,14.23,21.46,31,19.35,3.23,38.71,38.71,27.71,0,0.01,30.49,0
Ireland,Brazil,2017,EXPIMP,Food Products,2233.51,65864.59,1.09,26.37,0.49,12.27,-14.63,15.29,38.27,331,45.62,5.74,19.03,29.61,74.44,0,5059.8,65856.53,2.56,17.93,38.27,331,45.62,5.14,19.03,30.21,76.78,0,5059.8,65856.59,2.51
Ireland,Barbados,2017,EXPIMP,Food Products,49.15,27.3,3.61,20.84,2.19,1.63,-0.64,0,0,28,0,100,0,0,0,0,0,0,27.3,6.26,8.91,28,25,32.14,32.14,10.71,27.61,0,10.05,26.12,1.18
Ireland,Bouvet Island,2017,EXPIMP,Food Products,0,1.96,,88.99,,,,14.34,11.39,28,10.71,0,60.71,28.57,27.61,0.09,1.96,1.96,0,14.34,11.39,28,10.71,0,60.71,28.57,27.61,0.09,1.96,1.96,0
Ireland,Canada,2017,EXPIMP,Food Products,94922.83,31815.71,7.72,4.68,1.52,2.17,5.06,13.61,5.66,403,41.69,12.66,17.62,28.04,133.09,0,1903.62,9535.31,22279.16,13.61,5.66,403,41.69,12.66,17.62,28.04,133.09,0,1903.62,9535.31,22279.16
Ireland,Switzerland,2017,EXPIMP,Food Products,15161.79,25004.61,0.22,3.69,0.13,2.47,1.58,5.07,0.66,589,13.92,50.76,2.72,32.6,133.09,0,17.63,565.41,24438.18,14.38,10.11,589,25.64,6.96,14.77,52.63,133.09,0,5021.69,24968.93,34.66
Ireland,Chile,2017,EXPIMP,Food Products,7327.41,58253.93,8.99,77.56,1.76,3.1,4.87,4.12,2.69,487,0.82,47.23,5.34,46.61,48.21,0,57774,58212.72,14.72,12.54,4.45,487,25.87,2.46,9.45,62.22,56.85,0,57775.32,58223.62,3.82
Ireland,China,2017,EXPIMP,Food Products,616652.59,26752.62,12.5,0.54,6.95,8.57,9.14,18.26,25.68,1201,50.54,5.58,7.99,35.89,144.6,0,8143.94,26618.11,78.21,19.06,25.74,1201,50.54,5.41,7.99,36.05,144.6,0,8143.94,26639.18,57.14
Ireland,Cote d'Ivoire,2017,EXPIMP,Food Products,11421.26,14150.61,43.58,80.38,4.46,3.33,61.58,0,0,18,0,100,0,0,0,0,0,0,14150.61,8.59,7.7,18,11.11,16.67,66.67,5.56,22.73,0,6.72,14150.44,0.17
Ireland,Cameroon,2017,EXPIMP,Food Products,858.08,5.52,2.61,0.04,0.41,55.49,29.77,0,0,7,0,100,0,0,0,0,0,0,5.52,1.92,3.6,7,28.57,71.43,0,0,7.7,0,0,5.16,0.36
Ireland,Colombia,2017,EXPIMP,Food Products,10248.19,304.41,14.36,0.22,1.48,-0.28,-18.27,0.08,0,64,0,78.13,14.06,7.81,9.66,0,129.55,129.55,174.86,8.03,9.7,64,45.31,9.38,31.25,14.06,25.59,0,129.78,302.98,1.43
Ireland,Costa Rica,2017,EXPIMP,Food Products,4313.4,772.19,8.16,0.85,1.78,3.97,2.72,2.84,3.92,105,0,79.05,5.71,15.24,24.12,0,0.01,577.26,194.93,19.39,24.61,105,60,1.9,11.43,26.67,57.72,0,0.01,772.19,0
Ireland,Cuba,2017,EXPIMP,Food Products,128.13,771,7.45,97.8,,,,8.67,22.32,9,11.11,44.44,44.44,0,26,0,108.46,770.24,0.76,8.67,22.32,9,11.11,44.44,44.44,0,26,0,108.46,770.24,0.76
Ireland,Cayman Islands,2017,EXPIMP,Food Products,25.03,0.18,4.05,0.74,,,,0,0,22,0,100,0,0,0,0,0,0,0.18,16.33,9.49,22,13.64,0,54.55,31.82,30.59,0.09,0.15,0.18,0
Ireland,Cyprus,2017,EXPIMP,Food Products,3896.91,276.77,13.52,6.91,2.82,4.37,-9.13,,,,,,,,,,,,,,,,,,,,,,,,
Ireland,Czech Republic,2017,EXPIMP,Food Products,30263.37,8542.53,6.48,1.71,0.78,4.68,0.59,,,,,,,,,,,,,,,,,,,,,,,,
Ireland,Germany,2017,EXPIMP,Food Products,299423.8,415055.81,2.63,5.37,1.35,3.34,2.03,,,,,,,,,,,,,,,,,,,,,,,,
Ireland,Dominica,2017,EXPIMP,Food Products,148.89,17.94,39.43,31.04,,,,0,0,9,0,100,0,0,0,0,0,0,17.94,3,5.99,9,33.33,33.33,33.33,0,6,0,17.9,17.9,0.04
Ireland,Denmark,2017,EXPIMP,Food Products,41927.68,46588.85,5.73,9.62,0.87,2.33,-2.49,,,,,,,,,,,,,,,,,,,,,,,,
Ireland,Dominican Republic,2017,EXPIMP,Food Products,3323.84,0.68,25.7,0,3.62,-1.19,-6.49,0,0,21,0,100,0,0,0,0,0,0,0.68,7.35,7.69,21,19.05,0,57.14,23.81,12.8,0.09,0.01,0.68,0
Ireland,Algeria,2017,EXPIMP,Food Products,253.21,0.05,0.23,0,1.1,-2.72,6.49,1.1,0.05,23,0,26.09,52.17,21.74,9.66,0,0,0,0.05,3.5,0.17,23,13.04,13.04,52.17,21.74,12.8,0,0,0,0.05
Ireland,Ecuador,2017,EXPIMP,Food Products,2420.71,3070.63,33.14,64.61,1.44,9.51,-33.88,0.36,0.01,266,0,90.23,3.01,6.77,11.17,0,1622.47,1738.27,1332.36,17.4,20.42,266,62.41,1.5,18.05,18.05,44.77,0,1714.77,3070.63,0
Ireland,"Egypt, Arab Rep.",2017,EXPIMP,Food Products,7495.34,9246.06,4.12,16.82,10.16,-10.88,-0.6,0,0,93,0,92.47,6.45,1.08,0.09,0,0.1,0.1,9245.96,9.91,0.13,93,46.24,7.53,27.96,18.28,53.98,0,0.1,55.47,9190.59
Ireland,Spain,2017,EXPIMP,Food Products,85619.44,91651.7,2.92,6.2,0.97,6.53,8.98,,,,,,,,,,,,,,,,,,,,,,,,
Ireland,Estonia,2017,EXPIMP,Food Products,1708.2,104.46,6.89,0.79,1.87,2.74,6.15,,,,,,,,,,,,,,,,,,,,,,,,
Ireland,Ethiopia(excludes Eritrea),2017,EXPIMP,Food Products,1202.29,62.21,3.15,1.35,1.03,-6.6,-7.2,0.3,0,199,0,48.24,3.52,48.24,5.52,0,0.02,0.02,62.05,4.61,11.16,199,3.02,3.52,16.58,76.88,12.8,0,59.91,60.33,1.74
Ireland,Finland,2017,EXPIMP,Food Products,12110.42,6154.53,3.18,3.32,1.23,4.15,7.92,,,,,,,,,,,,,,,,,,,,,,,,
Ireland,France,2017,EXPIMP,Food Products,285530.1,275666.29,4.75,2.34,0.87,3.42,7.76,,,,,,,,,,,,,,,,,,,,,,,,
Ireland,Faeroe Islands,2017,EXPIMP,Food Products,31.94,685.71,7.07,30.89,,,,5.5,5.5,2,100,0,0,0,5.5,5.5,0,604.63,0,5.5,5.5,2,100,0,0,0,5.5,5.5,0,604.63,0
Ireland,Gabon,2017,EXPIMP,Food Products,1501.26,535.72,33.92,9.28,,,,15.98,10.8,344,14.53,2.91,21.51,61.05,74.44,0,246.97,336.04,199.68,19.18,15.3,344,14.53,2.33,21.51,61.63,76.78,0,246.97,366.49,169.23
Ireland,United Kingdom,2017,EXPIMP,Food Products,2081974.21,2363020.84,12.75,12.06,3.05,1.68,-1.81,,,,,,,,,,,,,,,,,,,,,,,,
Ireland,Georgia,2017,EXPIMP,Food Products,618.44,44.77,13.05,4.35,0.37,5.02,78.2,0.3,1.22,429,0,75.99,1.63,22.38,5.52,0,22.83,22.83,21.94,16.77,10.24,429,32.63,0.93,3.73,62.7,53.98,0,22.83,44.77,0
Ireland,Ghana,2017,EXPIMP,Food Products,18693.01,563.1,29.68,7.41,5.06,23.09,-2.26,0,0,151,0,100,0,0,0,0,0,0,411.71,16.48,19.38,151,60.93,2.65,17.22,19.21,53.98,0,24.11,408.03,3.68
Ireland,Guinea,2017,EXPIMP,Food Products,3373.77,0,85.22,0,,,,0,0,3,0,100,0,0,0,0,0,0,0,0,0,3,0,100,0,0,0,0,0,0,0
Ireland,"Gambia, The",2017,EXPIMP,Food Products,3904.99,0.04,96.65,3.17,2.27,-6.05,-35.56,0,0,3,0,100,0,0,0,0,0,0,0.04,0,0,3,0,100,0,0,0,0,0,0,0.04
Ireland,Equatorial Guinea,2017,EXPIMP,Food Products,202.21,0.29,64.68,0.31,,,,0,0,3,0,100,0,0,0,0,0,0,0.29,0,0,3,0,100,0,0,0,0,0,0,0.29
Ireland,Greece,2017,EXPIMP,Food Products,7940.91,5400.51,2.15,7.65,1.54,2.34,12.45,,,,,,,,,,,,,,,,,,,,,,,,
Ireland,Grenada,2017,EXPIMP,Food Products,50.64,17.39,18.32,1.13,,,,0,0,21,0,100,0,0,0,0,0,0,17.39,15.33,20.44,21,14.29,23.81,4.76,57.14,55.83,0,4.51,17.31,0.08
Ireland,Guatemala,2017,EXPIMP,Food Products,8475.04,5393.41,56.91,63.58,7.58,0.72,-6.59,1.46,0,61,0,83.61,8.2,8.2,22.36,0,71.58,84.23,5309.18,10.06,2.29,61,40.98,8.2,32.79,18.03,30.36,0,71.58,5393.41,0
Ireland,Guyana,2017,EXPIMP,Food Products,140.13,85.16,5.54,2.14,9.13,-4.78,-6.88,0,0,12,0,100,0,0,0,0,0,0,85.16,0,0,12,0,66.67,33.33,0,0,0,84.86,84.86,0.3
Ireland,"Hong Kong, China",2017,EXPIMP,Food Products,108535.44,950.38,14.06,0.85,1.59,2.76,-19.18,10.04,5.4,315,24.13,6.98,14.6,54.29,41.6,0,18.5,911.15,33,10.04,5.4,315,24.13,6.98,14.6,54.29,41.6,0,18.5,911.15,33
Ireland,Honduras,2017,EXPIMP,Food Products,0,532.76,,6.98,3.86,1.06,-1.47,0,0,10,0,90,10,0,0,0,30.78,30.78,501.58,8.12,9.14,10,50,20,30,0,11.5,0,30.78,532.36,0
Ireland,Croatia,2017,EXPIMP,Food Products,1233.9,785.46,2.91,6.87,2.93,5.9,53.88,,,,,,,,,,,,,,,,,,,,,,,,
Ireland,Haiti,2017,EXPIMP,Food Products,0,0.14,0,0.27,,,,0,0,23,0,100,0,0,0,0,0,0,0.14,3.5,0.55,23,13.04,13.04,52.17,21.74,12.8,0,0.01,0.01,0.13
Ireland,Hungary,2017,EXPIMP,Food Products,7482.93,5126.1,2.3,2.77,0.6,4.47,-5.49,,,,,,,,,,,,,,,,,,,,,,,,
Ireland,Indonesia,2017,EXPIMP,Food Products,2125.42,10281.55,2.92,7.34,0.61,5.21,14,15.49,3.08,268,34.33,6.34,13.43,45.9,145.15,0,1599.57,2259.86,8000.33,22.88,3.96,268,36.19,3.36,13.81,46.64,145.15,0,1599.57,2259.87,8000.32
Ireland,India,2017,EXPIMP,Food Products,4388.04,13759.01,1.1,1.51,1.24,5.34,41.49,12.94,3.09,666,49.4,6.46,10.51,33.63,145.15,0,11689.05,13654.57,5.51,18.27,8.53,666,50.75,4.2,10.66,34.38,145.15,0,11689.05,13655.55,4.53
Ireland,"Iran, Islamic Rep.",2017,EXPIMP,Food Products,1389.97,2044.87,0.86,51.73,3.01,1.42,14.2,7.65,2.39,196,8.67,1.02,13.78,76.53,22.73,0,9.78,2044.87,0,7.65,2.39,196,8.67,1.02,13.78,76.53,22.73,0,9.78,2044.87,0
Ireland,Iraq,2017,EXPIMP,Food Products,49729.87,2.59,49.95,9.19,,,,3.2,6.63,5,20,80,0,0,9.6,0,0,1.61,0.72,3.2,6.63,5,20,80,0,0,9.6,0,0,1.61,0.72
Ireland,Iceland,2017,EXPIMP,Food Products,1138.4,8214.9,2.4,63.91,3.08,9.25,2.94,8.41,0.75,254,3.15,36.22,14.57,46.06,55.83,0,2.11,37.67,706.16,14.17,19.58,254,12.6,2.76,18.11,66.54,55.83,0,2.11,729.27,14.57
Ireland,Israel,2017,EXPIMP,Food Products,31844.12,2887.37,10.43,4.13,0.9,4.31,-35.13,3.33,0.02,163,4.91,88.96,1.84,4.29,100.25,0,1800.96,1803,1083.91,17.28,11.2,163,59.51,5.52,19.02,15.95,100.25,0,1901.59,2879.49,7.42
Ireland,Italy,2017,EXPIMP,Food Products,71903.74,131329.93,2.44,7.3,0.8,3.98,13.16,,,,,,,,,,,,,,,,,,,,,,,,
Ireland,Jamaica,2017,EXPIMP,Food Products,1718.83,344.4,7.2,62.65,0.64,0.97,69.7,0,0,20,0,100,0,0,0,0,0,0,344.4,8.95,0,20,10,25,50,15,27.61,0,47.68,47.68,296.72
Ireland,Jordan,2017,EXPIMP,Food Products,17301.85,1.08,23.7,0.03,7.76,1.15,-13.06,0,0,38,0,94.74,5.26,0,0,0,0.14,0.14,0.88,9.55,11.43,38,13.16,2.63,60.53,23.68,22.73,0,0.39,0.98,0.03
Ireland,Japan,2017,EXPIMP,Food Products,24504.52,943.17,0.84,0.07,0.14,5.33,13.99,13.93,42.29,186,19.89,21.51,27.96,30.65,133.09,0,150.86,886.67,53.54,13.93,42.29,186,19.89,21.51,27.96,30.65,133.09,0,150.86,886.67,53.54
Ireland,Kazakhstan,2017,EXPIMP,Food Products,5374.23,2.49,13.95,0.49,1.7,6.84,-8.36,0,0,3,0,100,0,0,0,0,0,0,2.49,0,0,3,0,100,0,0,0,0,0,0,2.49
Ireland,Kenya,2017,EXPIMP,Food Products,1413.11,3917.77,3.8,15.05,1.09,37.47,-14.62,0,0,237,0,100,0,0,0,0,0,0,3917.77,17.32,10.89,237,44.3,3.38,1.27,51.05,133.09,0,2786.3,3913.63,4.15
Ireland,Kyrgyz Republic,2017,EXPIMP,Food Products,0,0.16,,2.88,5.04,8.48,6.53,0,0,3,0,100,0,0,0,0,0,0,0.16,0,0,3,0,100,0,0,0,0,0,0,0.16
Ireland,Cambodia,2017,EXPIMP,Food Products,369.09,87.95,23.52,0.11,13.78,13.67,1.51,0,0,6,0,100,0,0,0,0,0,0,87.95,8.6,17.11,6,0,50,0,50,19.93,0,0,87.47,0.48
Ireland,St. Kitts and Nevis,2017,EXPIMP,Food Products,0,0.02,0,0.55,7.44,-3.97,-39.98,0,0,3,0,100,0,0,0,0,0,0,0.02,0,0,3,0,100,0,0,0,0,0,0,0.02
Ireland,"Korea, Rep.",2017,EXPIMP,Food Products,24273.43,1018.11,3.39,0.09,2.73,7.21,-3.66,0,0,340,0,98.82,1.18,0,0,0,0.15,0.15,838.58,17.68,13.22,340,52.06,8.82,10.29,28.82,145.15,0,126.42,819.34,19.39
Ireland,Kuwait,2017,EXPIMP,Food Products,17875.86,0.51,18.67,0.83,6.14,0.69,-14.12,4.34,6.25,26,19.23,15.38,46.15,19.23,12.8,0,0.44,0.46,0.05,4.34,6.25,26,19.23,15.38,46.15,19.23,12.8,0,0.44,0.46,0.05
Ireland,Lao PDR,2017,EXPIMP,Food Products,0,0.73,,0.06,3.61,,,0,0,9,0,100,0,0,0,0,0,0,0.73,0,0,9,0,44.44,55.56,0,0,0,0.56,0.56,0.18
Ireland,Lebanon,2017,EXPIMP,Food Products,5799.64,179.38,6.31,12.69,9.63,42.24,-5.83,0.88,3.12,399,2.01,56.89,4.01,37.09,14.4,0,131.95,132.37,45.47,10.17,5.23,399,21.05,5.01,11.53,62.41,55.66,0,138.18,170.09,7.75
Ireland,Liberia,2017,EXPIMP,Food Products,1248.4,0.1,30.57,0.85,,,,0,0,3,0,100,0,0,0,0,0,0,0.1,0,0,3,0,100,0,0,0,0,0,0,0.1
Ireland,St. Lucia,2017,EXPIMP,Food Products,0,0.45,0,1.03,1,6.45,27.16,0,0,17,0,100,0,0,0,0,0,0,0.45,0,0,17,0,23.53,76.47,0,0,0,0.13,0.13,0.32
Ireland,Sri Lanka,2017,EXPIMP,Food Products,165.51,15960.93,2.19,27.37,0.65,-4.97,89.79,0.64,0.03,175,0,69.71,10.86,19.43,11.17,0,15482.6,15533.75,427.18,10.68,6.16,175,55.43,2.86,11.43,30.29,44.77,0,15482.6,15960.82,0.12
Ireland,Lithuania,2017,EXPIMP,Food Products,2262.98,9341.23,8.72,11.06,1.12,4.05,24.37,,,,,,,,,,,,,,,,,,,,,,,,
Ireland,Luxembourg,2017,EXPIMP,Food Products,97.58,523.97,0.07,1.51,0.62,4.75,-25.75,,,,,,,,,,,,,,,,,,,,,,,,
Ireland,Latvia,2017,EXPIMP,Food Products,45766.67,8805.69,64.01,16.93,3.85,11.54,20.73,,,,,,,,,,,,,,,,,,,,,,,,
Ireland,Morocco,2017,EXPIMP,Food Products,936.53,137.15,0.8,0.49,0.23,4.15,25.56,0,0,75,0,100,0,0,0,0,0,0,137.15,13.01,15.48,75,61.33,4,20,14.67,28.3,0,49.36,137.15,0
Ireland,Moldova,2017,EXPIMP,Food Products,3.79,104.23,0.15,3.44,4.15,7.52,-4.9,0.24,0.86,224,0,54.02,3.13,42.86,5.52,0,37.64,37.64,66.59,14.01,11.08,224,0.45,0,25.45,74.11,27.61,3.46,88.19,104.23,0
Ireland,Madagascar,2017,EXPIMP,Food Products,203.03,1.02,21.36,0.15,0.3,14.32,-27.98,0,0,29,0,100,0,0,0,0,0,0,1.02,12.16,17.21,29,17.24,0,41.38,41.38,55.66,0.09,0.01,1.02,0
Ireland,Maldives,2017,EXPIMP,Food Products,0,8480.61,,99.99,0.28,1.07,-36.84,24.05,24.05,21,100,0,0,0,25,24,0,8480.61,0,24.05,24.05,21,100,0,0,0,25,24,0,8480.61,0
Ireland,Mexico,2017,EXPIMP,Food Products,10720.38,16936.5,0.67,5.61,0.7,-0.39,-31.23,8.51,0.75,307,11.4,55.37,20.52,12.7,145.15,0,305.59,939.6,15996.9,13.88,1.42,307,47.88,16.94,20.52,14.66,145.15,0,305.59,1994.2,14942.3
Ireland,North Macedonia,2017,EXPIMP,Food Products,410.2,44.41,3.7,1.71,1.43,3.99,18.96,1.39,0.74,174,0,5.75,9.2,85.06,8.45,0,7.9,7.9,36.51,14.49,15.68,174,1.15,0,12.07,86.78,27.61,3.46,13.03,44.41,0
Ireland,Mali,2017,EXPIMP,Food Products,32610.65,0.11,81.84,0.24,6.9,4.41,-22.51,0,0,3,0,100,0,0,0,0,0,0,0.11,0,0,3,0,100,0,0,0,0,0,0,0.11
Ireland,Malta,2017,EXPIMP,Food Products,3763.88,2427.05,10.36,23.83,1.84,2.68,8.56,,,,,,,,,,,,,,,,,,,,,,,,
Ireland,Mauritius,2017,EXPIMP,Food Products,379.84,3680.85,5.6,39.09,2.45,5.15,-13.24,0,0,54,0,100,0,0,0,0,0,0,3680.85,26.52,54.37,54,44.44,5.56,22.22,27.78,96.13,0,0.25,3680.52,0.33
Ireland,Malawi,2017,EXPIMP,Food Products,2352.08,50.66,30.99,15.25,0.04,5.32,-64.28,28.98,51.49,30,0,93.33,0,6.67,96.13,0,0,30,20.66,34.76,56.95,30,73.33,10,0,16.67,96.13,0,0,50.66,0
Ireland,Malaysia,2017,EXPIMP,Food Products,26306.4,6850.75,10.01,1.29,1.8,1.63,-15.47,16.75,5.91,417,43.65,3.36,15.83,37.17,144.6,0,5484.63,5699.83,1150.72,16.75,5.91,417,43.65,3.36,15.83,37.17,144.6,0,5484.63,5699.83,1150.72
Ireland,Namibia,2017,EXPIMP,Food Products,359.08,1247.95,15.25,76.92,0.75,5.4,-2.22,0,0,104,0,100,0,0,0,0,0,0,1247.95,14.51,8.61,104,63.46,0.96,22.12,13.46,28.93,0,1246.97,1247.95,0
Ireland,New Caledonia,2017,EXPIMP,Food Products,3.82,0.03,0.1,0,,,,,,,,,,,,,,,,,,,,,,,,,,,
Ireland,Niger,2017,EXPIMP,Food Products,10553.28,5.2,95.35,26.35,3.72,8.46,210.02,0,0,23,0,100,0,0,0,0,0,0,5.2,23.43,20.53,23,91.3,0,0,8.7,28.34,20,0,5.2,0
Ireland,Nigeria,2017,EXPIMP,Food Products,75590.57,138.1,24.02,0.1,3.94,4.57,3.29,12.38,7.21,234,54.27,10.68,8.97,26.07,100.25,0,3.78,96.71,40.38,15.37,9.64,234,54.27,10.26,9.4,26.07,100.25,0,3.78,96.71,40.38
Ireland,Nicaragua,2017,EXPIMP,Food Products,0,3289.5,,51.09,1.93,2.71,-11.59,20.51,1.15,22,0,31.82,4.55,63.64,74.44,0,0.66,166.02,3123.48,24.6,3.26,22,18.18,0,13.64,68.18,74.44,2.13,0.66,3289.5,0
Ireland,Netherlands,2017,EXPIMP,Food Products,320488.18,421292.16,4.8,15.47,0.84,2.46,-9.64,,,,,,,,,,,,,,,,,,,,,,,,
Ireland,Norway,2017,EXPIMP,Food Products,9700.48,1104.25,2.18,0.09,0.6,3.99,4.44,6.13,1.28,308,10.39,16.23,16.23,57.14,23.43,0,67.5,204.18,633.45,8.56,14.34,308,11.04,13.64,18.18,57.14,30.59,0,67.64,735.18,102.45
Ireland,Nepal,2017,EXPIMP,Food Products,0,2.77,,0.45,0.52,4.09,-25.86,0,0,3,0,100,0,0,0,0,0,0,2.77,0,0,3,0,100,0,0,0,0,0,0,2.77
Ireland,New Zealand,2017,EXPIMP,Food Products,5657.58,29714.38,5.92,44.89,1,5.94,13.43,10.28,4.32,461,13.23,6.94,15.18,64.64,133.09,0,29117.98,29436.92,0.38,10.28,4.32,461,13.23,6.94,15.18,64.64,133.09,0,29117.98,29436.92,0.38
Ireland,"Other Asia, nes",2017,EXPIMP,Food Products,23116.79,815.09,7.68,0.24,2.65,2.22,14.55,,,,,,,,,,,,,,,,,,,,,,,,
Ireland,Oman,2017,EXPIMP,Food Products,12175.43,0.04,16.45,0,1.49,3.44,-63.82,9.6,9.6,1,100,0,0,0,9.6,9.6,0,0.04,0,9.6,9.6,1,100,0,0,0,9.6,9.6,0,0.04,0
Ireland,Pakistan,2017,EXPIMP,Food Products,7285.04,1999.99,14.9,2.37,6.52,2.48,-6.45,6.6,4.74,358,0,42.74,4.47,52.79,133.09,0,85.88,1969.03,19.75,17.7,6.17,358,38.55,2.79,4.75,53.91,133.09,0,85.88,1981.24,7.54
Ireland,Panama,2017,EXPIMP,Food Products,6132.33,2.17,44.41,0.15,2.1,84.45,-10.41,0.28,0.46,47,0,72.34,12.77,14.89,5.89,0,0.14,2.08,0.08,6.83,12.55,47,48.94,8.51,25.53,17.02,16,0,0.14,2.08,0.08
Ireland,Peru,2017,EXPIMP,Food Products,12029.6,520,40.76,1.99,4.48,4.87,-11.05,5.73,3.07,145,1.38,84.83,4.83,8.97,74.44,0,85.08,177.05,342.95,14.75,14.27,145,55.86,13.1,15.86,15.17,74.44,0,85.38,518.45,1.55
Ireland,Philippines,2017,EXPIMP,Food Products,3080.64,2104.15,1.58,1.04,0.54,2.56,-6.69,2.93,0.29,288,0,72.92,15.97,11.11,23.11,0,41.03,236.02,1847.51,18.67,23.23,288,69.1,2.43,16.32,12.15,76.78,0,41.03,2078.45,5.08
Ireland,Poland,2017,EXPIMP,Food Products,123375.57,195473.17,8.24,27.78,2.11,6.15,62.86,,,,,,,,,,,,,,,,,,,,,,,,
Ireland,Portugal,2017,EXPIMP,Food Products,20814.61,17116.41,4.06,6.06,2.2,7.73,-0.57,,,,,,,,,,,,,,,,,,,,,,,,
Ireland,Paraguay,2017,EXPIMP,Food Products,273.33,10715.09,39.98,99.91,1.17,7.29,54.11,0.39,0,37,0,40.54,45.95,13.51,9.66,0,46.75,46.75,10668.34,4.98,0.04,37,24.32,10.81,51.35,13.51,12.8,0,296.7,296.7,10418.39
Ireland,Occ.Pal.Terr,2017,EXPIMP,Food Products,7280.51,0,85.09,0.25,5.05,6.88,-6.28,0,0,1,0,100,0,0,0,0,0,0,0,0,0,1,0,100,0,0,0,0,0,0,0
Ireland,French Polynesia,2017,EXPIMP,Food Products,0,0.09,,0.38,0.62,2.26,-31.84,0,0,20,0,100,0,0,0,0,0,0,0.09,6.99,6.99,20,15,0,60,25,12.8,0.09,0.09,0.09,0
Ireland,Qatar,2017,EXPIMP,Food Products,8556.62,0.04,10.74,0,2.8,4.04,10.67,8.89,8.89,14,0,0,92.86,7.14,8.89,8.89,0.04,0.04,0,8.89,8.89,14,0,0,92.86,7.14,8.89,8.89,0.04,0.04,0
Ireland,Romania,2017,EXPIMP,Food Products,13523.88,6201.08,3.79,5.35,1.38,8.14,30.57,,,,,,,,,,,,,,,,,,,,,,,,
Ireland,Russian Federation,2017,EXPIMP,Food Products,74282.72,12147.31,13.27,3.48,3.34,7.24,12.65,5.9,1.4,63,9.52,33.33,42.86,14.29,59.59,0,4610.79,4949,7126.22,5.9,1.4,63,9.52,33.33,42.86,14.29,59.59,0,4610.79,4949,7126.22
Ireland,Rwanda,2017,EXPIMP,Food Products,0.66,1.96,0.01,18.55,0.18,22.9,117.79,0,0,5,0,100,0,0,0,0,0,0,1.96,11.5,11.5,5,40,0,60,0,11.5,11.5,1.96,1.96,0
Ireland,Saudi Arabia,2017,EXPIMP,Food Products,131775.63,192.84,16.58,2.03,7.44,-4.09,-7.25,13.94,8.51,267,5.62,0.37,24.34,69.66,34.64,0,94.96,192.6,0.24,13.94,8.51,267,5.62,0.37,24.34,69.66,34.64,0,94.96,192.6,0.24
Ireland,Senegal,2017,EXPIMP,Food Products,57017.23,0.08,90.01,0.02,11.37,10.34,2.49,0.61,0.79,30,3.33,96.67,0,0,12.8,0,0,0.03,0.05,6.65,7.23,30,13.33,10,53.33,23.33,13.84,0,0.05,0.05,0.03
Ireland,"Serbia, FR(Serbia/Montenegro)",2017,EXPIMP,Food Products,2069.68,344.52,2.8,4.95,0.92,7.12,3.77,22.87,10.11,152,62.5,3.29,7.89,26.32,100.25,0,291.77,344.52,0,22.87,10.11,152,62.5,3.29,7.89,26.32,100.25,0,291.77,344.52,0
Ireland,Singapore,2017,EXPIMP,Food Products,8250.22,4097.09,1.07,1.18,1.61,1.11,41.79,7.16,17.83,280,11.07,11.07,16.79,61.07,27.61,0,673.15,4093.47,3.45,7.16,17.83,280,11.07,11.07,16.79,61.07,27.61,0,673.15,4093.47,3.45
Ireland,Sierra Leone,2017,EXPIMP,Food Products,347.02,0.08,22.64,0.01,,,,0,0,56,0,100,0,0,0,0,0,0,0.08,8.66,10.19,56,78.57,8.93,0,12.5,27.84,0,0,0.05,0.03
Ireland,El Salvador,2017,EXPIMP,Food Products,3487.82,3649.72,55.93,81.1,6,-0.72,-9.94,0,0,1,0,100,0,0,0,0,0,0,3649.72,2.13,2.13,1,0,0,0,100,2.13,2.13,0,3649.72,0
Ireland,Somalia,2017,EXPIMP,Food Products,729.57,0.24,21.42,7.17,,,,0,0,20,0,100,0,0,0,0,0,0,0.24,6.99,6.99,20,15,0,60,25,12.8,0.09,0.24,0.24,0
Ireland,Saint Pierre and Miquelon,2017,EXPIMP,Food Products,0,54.78,,22.3,,,,0,0,2,0,100,0,0,0,0,0,0,54.78,26.87,26.87,2,0,0,0,100,28.34,25.4,0,54.78,0
Ireland,Sudan,2017,EXPIMP,Food Products,969.63,0.66,6.1,6.84,8.53,-7.85,182.41,9.6,9.6,1,100,0,0,0,9.6,9.6,0,0.58,0,9.6,9.6,1,100,0,0,0,9.6,9.6,0,0.58,0
Ireland,Suriname,2017,EXPIMP,Food Products,292.6,7.69,18.86,2.69,5.35,-11.69,74.32,0,0,7,0,100,0,0,0,0,0,0,7.69,9.05,9.05,7,0,0,14.29,85.71,15.97,4.79,7.69,7.69,0
Ireland,Slovak Republic,2017,EXPIMP,Food Products,2660.72,3160.69,4.05,5.72,0.88,2.37,6.77,,,,,,,,,,,,,,,,,,,,,,,,
Ireland,Slovenia,2017,EXPIMP,Food Products,3330.64,40.58,3.53,0.12,0.69,3.33,6.07,,,,,,,,,,,,,,,,,,,,,,,,
Ireland,Sweden,2017,EXPIMP,Food Products,36627.76,22746.21,4.33,3.96,1.03,2.71,13.64,,,,,,,,,,,,,,,,,,,,,,,,
Ireland,Eswatini,2017,EXPIMP,Food Products,0,129.36,,2.14,0.01,5.63,-21.37,0,0,82,0,100,0,0,0,0,0,0,129.36,13.94,21.83,82,64.63,2.44,14.63,18.29,55.66,0,0.14,129.36,0
Ireland,Seychelles,2017,EXPIMP,Food Products,60.95,37.02,4.18,11.95,2.66,-11.28,-26.25,0,0,62,0,100,0,0,0,0,0,0,37.02,11.61,6.57,62,83.87,8.06,8.06,0,25,0,29.53,35.82,1.2
Ireland,Syrian Arab Republic,2017,EXPIMP,Food Products,148.15,0.83,1.52,15.49,,,,0,0,2,0,100,0,0,0,0,0,0,0.83,4.8,4.43,2,50,50,0,0,9.6,0,0,0.38,0.44
Ireland,Chad,2017,EXPIMP,Food Products,1350.75,0.03,78.96,0.02,,,,0,0,3,0,100,0,0,0,0,0,0,0.03,0,0,3,0,100,0,0,0,0,0,0,0.03
Ireland,Togo,2017,EXPIMP,Food Products,13240.73,0.03,80.32,0.15,0.05,,,0,0,3,0,100,0,0,0,0,0,0,0.03,0,0,3,0,100,0,0,0,0,0,0,0.03
Ireland,Thailand,2017,EXPIMP,Food Products,8660.36,43558.01,4.66,10.04,1.58,4.38,11.66,17.63,48.94,626,54.47,3.35,7.67,34.5,133.09,0,6110.09,43287.26,256.88,20.56,49.09,626,54.47,2.72,7.67,35.14,133.09,0,6110.09,43373.72,170.42
Ireland,Trinidad and Tobago,2017,EXPIMP,Food Products,540.63,470.11,3.02,5.04,0.84,-3.75,11.85,0,0,10,0,100,0,0,0,0,0,0,470.11,0,0,10,0,50,50,0,0,0,470.03,470.03,0.07
Ireland,Tunisia,2017,EXPIMP,Food Products,403.2,9.48,2.47,0.04,0.75,8.38,4.96,7.83,14.6,60,11.67,35,30,23.33,23.11,0,8.24,9.48,0,15.28,19.43,60,43.33,1.67,31.67,23.33,30.59,0,8.24,9.48,0
Ireland,Turkey,2017,EXPIMP,Food Products,37525.07,4789.61,6.28,0.74,3.02,3.9,21.41,4.89,3.21,708,2.54,49.44,9.04,38.98,55.66,0,546.35,2942.28,1844.89,16.73,32.32,708,42.66,1.55,10.45,45.34,67.5,0,546.35,4612.2,174.96
Ireland,Tanzania,2017,EXPIMP,Food Products,3083.31,0.87,11.06,0.11,0.74,-5.13,3.83,0,0,8,0,100,0,0,0,0,0,0,0.87,2.4,0.86,8,12.5,87.5,0,0,9.6,0,0,0.08,0.79
Ireland,Uganda,2017,EXPIMP,Food Products,22.04,64.07,0.08,15.92,0.4,7.62,-32.45,0,0,85,0,100,0,0,0,0,0,0,64.07,10.58,12.43,85,77.65,7.06,3.53,11.76,27.84,0,33.59,63.76,0.31
Ireland,Ukraine,2017,EXPIMP,Food Products,3301.42,225.64,6.62,0.41,6.6,5.39,8.07,2.63,0.56,89,8.99,67.42,14.61,8.99,23.43,0,5.18,11.1,214.17,10.02,17,89,22.47,17.98,47.19,12.36,23.43,0,214.47,224.53,0.74
Ireland,United States Minor Outlying I,2017,EXPIMP,Food Products,160.64,13.95,12.49,5.5,,,,13.09,7.9,86,46.51,3.49,26.74,23.26,53.98,0,11.59,13.95,0,13.09,7.9,86,46.51,3.49,26.74,23.26,53.98,0,11.59,13.95,0
Ireland,Unspecified,2017,EXPIMP,Food Products,328542.36,306692.32,9.79,10.68,,,,18.95,18.56,1486,44.21,5.79,8.34,41.66,139.77,0,50271.6,210942.98,92291.8,18.95,18.56,1486,44.21,5.79,8.34,41.66,139.77,0,50271.6,210942.98,92291.8
Ireland,Uruguay,2017,EXPIMP,Food Products,2102.47,22.03,12.89,0.46,0.97,1.49,-9.34,12.03,9.39,199,3.52,1.51,14.07,80.9,61.72,0,15.52,21.96,0.07,12.03,9.39,199,3.52,1.51,14.07,80.9,61.72,0,15.52,21.96,0.07
Ireland,United States,2017,EXPIMP,Food Products,1021617.13,185121.41,2.73,1.01,0.74,3.07,3.97,17.53,15.84,1210,39.67,6.45,10.25,43.64,139.77,0,35034.35,109953.78,73567.06,17.53,15.84,1210,39.67,6.45,10.25,43.64,139.77,0,35034.35,109953.78,73567.06
Ireland,St. Vincent and the Grenadines,2017,EXPIMP,Food Products,0,0.22,0,10.68,1.45,-0.44,37.25,0,0,23,0,100,0,0,0,0,0,0,0.22,3.5,5.91,23,13.04,13.04,52.17,21.74,12.8,0,0.18,0.18,0.03
Ireland,Venezuela,2017,EXPIMP,Food Products,0.04,0.75,0.01,0.45,,,,12.77,8.96,73,6.85,0,57.53,35.62,30.36,0.09,0.49,0.75,0,12.77,8.96,73,6.85,0,57.53,35.62,30.36,0.09,0.49,0.75,0
Ireland,Vietnam,2017,EXPIMP,Food Products,21277.58,3160.58,19.19,1.77,0.66,-1.41,-30.23,12.51,3.92,140,37.14,15,11.43,36.43,133.09,0,250.91,647.14,2395.37,16.3,5.64,140,40,10.71,12.86,36.43,133.09,0,1443.09,1839.32,1203.19
Ireland,Vanuatu,2017,EXPIMP,Food Products,0,0.22,,0.18,,,,1.5,1.19,26,11.54,88.46,0,0,6,0,0,0.09,0.13,6.5,6.6,26,23.08,0,57.69,19.23,12.8,0.09,0.22,0.22,0
Ireland, World,2017,EXPIMP,Food Products,6876157.35,5435974.21,4.98,6.12,1.59,3.82,-0.05,10.03,12.74,20345,21.28,32.99,10.44,35.3,145.15,0,335147.26,731897.85,467413.96,19.79,13.89,1727,46.09,5.44,0.62,3.49,145.15,0,351772.54,811389.5,387922.31
Ireland,South Africa,2017,EXPIMP,Food Products,28828.45,6935.36,10.53,6.02,2.02,6.92,6.53,4.33,2.94,609,3.12,41.87,11.99,43.02,47.57,0,5181.12,5974.89,956.06,11.71,6.55,609,22,9.36,15.44,53.2,74.44,0,5242.28,6916.99,13.95
Ireland,"Congo, Dem. Rep.",2017,EXPIMP,Food Products,14121.88,0.01,58.96,0,8.45,-7.02,-15.63,0,0,3,0,100,0,0,0,0,0,0,0.01,0,0,3,0,100,0,0,0,0,0,0,0.01
Ireland,Zambia,2017,EXPIMP,Food Products,1490.67,0.66,7.7,1.32,0.07,5.45,-19.59,0,0,12,0,100,0,0,0,0,0,0,0.16,0,0,12,0,100,0,0,0,0,0,0,0.16
Ireland,Zimbabwe,2017,EXPIMP,Food Products,1533.16,0.81,56.69,0.07,0.02,-14.44,-86.24,0,0,38,0,100,0,0,0,0,0,0,0.81,7.81,9.55,38,36.84,5.26,42.11,15.79,19.2,0,0.37,0.81,0
Ireland,East Asia & Pacific,2017,EXPIMP,Food Products,888701.85,172274.23,7.37,1.78,,,,13.24,20.14,5197,30.94,17.88,11.97,39.21,145.15,0,88170.45,155407.4,16169.08,18.97,20.63,1441,46.01,5.2,2.41,11.12,145.15,0,89489.77,159456.99,12119.49
Ireland,Europe & Central Asia,2017,EXPIMP,Food Products,3730998.8,4274769.82,4.86,7.99,,,,4.96,1.24,3120,8.04,46.86,7.98,37.12,133.09,0,5609.72,9727.16,36883.62,16.4,9.93,994,40.85,7.24,3.24,13.3,133.09,0,10967.46,37456.94,9153.84
Ireland,Latin America & Caribbean,2017,EXPIMP,Food Products,85608.34,375368.29,3.76,30.25,,,,6.01,7.54,2838,9.48,46.93,12.02,31.57,145.15,0,118683.14,185149.43,190186.48,16.55,8.17,998,37.68,6.51,3.81,15.82,145.15,0,124208.35,206301.69,169034.22
Ireland,Middle East & North Africa,2017,EXPIMP,Food Products,352184.62,17251.38,12.72,3.74,,,,5.93,0.56,1617,12.24,38.4,13.54,35.81,100.25,0,2050.94,4289.91,10532.11,17.18,2.96,796,42.09,3.02,4.76,22.26,100.25,0,2207.42,5599.87,9222.14
Ireland,North America,2017,EXPIMP,Food Products,1116761.16,216938.08,2.89,1.14,,,,15.79,14.34,1822,35.57,12.24,11.09,41.11,139.77,0,36938.07,119489.19,95847.07,17.31,14.34,1234,39.71,6.48,6.81,29.64,139.77,0,36938.68,119489.8,95846.46
Ireland,South Asia,2017,EXPIMP,Food Products,22661.46,40246.31,4.55,3.17,,,,8.53,6.39,1461,24.02,38.19,7.19,30.6,145.15,0,27257.54,39639.64,495.16,18.56,10.76,809,51.17,3.46,4.86,20.26,145.15,0,27272.16,40119.84,14.95
Ireland,Sub-Saharan Africa,2017,EXPIMP,Food Products,318816.71,31535.59,27.96,6.34,,,,5.01,0.94,2478,7.95,59.52,7.06,25.46,100.25,0,5431.89,6437.69,24940.45,17.27,13.81,1114,38.87,5.48,4.64,20.38,133.09,0,9683.18,31140.39,237.74
